{"count":1,"self":20.7348768,"total":21.006412899999997,"children":{"InitializeActuators":{"count":1,"self":0.0075883999999999995,"total":0.0075883999999999995,"children":null},"InitializeSensors":{"count":1,"self":0.0076409,"total":0.0076409,"children":null},"AgentSendState":{"count":564,"self":0.0100813,"total":0.13336589999999998,"children":{"CollectObservations":{"count":113,"self":0.0031379999999999997,"total":0.0031379999999999997,"children":null},"WriteActionMask":{"count":113,"self":0.0015497999999999998,"total":0.0015497999999999998,"children":null},"RequestDecision":{"count":113,"self":0.11859679999999999,"total":0.11859679999999999,"children":null}}},"DecideAction":{"count":564,"self":0.099172699999999989,"total":0.099172699999999989,"children":null},"AgentAct":{"count":564,"self":0.0207134,"total":0.0207134,"children":null}},"gauges":{"Guide.CumulativeReward":{"count":11,"max":10,"min":7,"runningAverage":9.636363,"value":10,"weightedAverage":9.725591}},"metadata":{"timer_format_version":"0.1.0","start_time_seconds":"1681927789","unity_version":"2022.2.12f1","command_line_arguments":"C:\\Program Files\\Unity\\Hub\\Editor\\2022.2.12f1\\Editor\\Unity.exe -projectPath E:\\BlueMoon4","communication_protocol_version":"1.5.0","com.unity.ml-agents_version":"2.0.1","scene_name":"SampleScene","end_time_seconds":"1681927810"}}